ID_KIID,ID_ZESPOLU,NAZWA_PLIKU
1,13,01012019_Noble_Fund_Akcji_MiSS_KIID.pdf
2,13,2014_05_30_Noble_Fund_Pieniezny_KIID.pdf
3,13,20190219_Noble_Noble_Fund_Mieszany_KIID.pdf
4,13,20201009_Noble_Fund_Akcji_Amerykañskich_KIID.pdf
5,13,Noble_Fund_Emerytalny_20220201.pdf
6,13,Open_Finance_Obligacji_20190719.pdf
7,13,20190716_Noble_Noble_Fund_Akcji_MiSS.pdf
8,13,1abe9a24307ea25d791d6f158f396735fc652ba0.pdf
9,13,KIID_ADIG.pdf
10,13,KIID_VIG05_2022-05-27.pdf
11,13,Allianz_TFI_KIID_2055.pdf
12,13,2014_02_20_Noble_Fund_Stabilnego_Wzrostu_Plus_KIID.pdf
13,13,Noble_Fund_Emerytalny_20210101.pdf
14,13,2014_04_30_Noble_Fund_Obligacji_KIID.pdf
15,13,2015_02_19_Noble_Fund_Stabilnego_Wzrostu_Plus_KIID.pdf
16,13,1cdbedd6-bcf8-4c16-828e-14a607e44c4f.pdf
17,13,Noble_Fund_Akcji_Europejskich_20220101.pdf
18,13,Noble_Fund_Stabilny_20220624.pdf
19,13,Noble_Fund_Obligacji_20220803.pdf
20,13,d6476fdb-ff90-4f05-a5d8-32e5c0c63808.pdf
21,13,Noble_Fund_Obligacji_20161202.pdf
22,13,3c96c062-39e8-4d8a-b494-9ea614cde5cf.pdf
23,13,KIID_AGMM.pdf
24,13,e7f9e6a8caa2a99f97eead5c9b0e5c6d33dd496a.pdf
25,13,20200101_Noble_Fund_Mieszany_KIID.pdf
26,13,KIID_ALIOR_Zrownowazony_kat.B.26.09.2022.pdf
27,13,2013_04_29_Noble_Fund_Timingowy_KIID.pdf
28,13,837185d7c821b58c0db5b5b414c1e9349e9df395.pdf
29,13,f5ba43e0-0988-4065-826e-9244de0d4c50.pdf
30,13,Noble_Fund_Strategii_Dluznych_20220101.pdf
31,13,Allianz_TFI_KIID_2050.pdf
32,13,1710b7c53bec898c5e0818680ac83b38dea18084.pdf
33,13,39941154-0441-4a15-b93c-dcbf6b5b66b0.pdf
34,13,20200407_Noble_Fund_Emerytalny_KIID.pdf
35,13,Noble_Fund_Timingowy_20161202.pdf
36,13,20190219_Noble_Noble_Fund_Akcji_KIID.pdf
37,13,KIID_BNP_Paribas_DI_2022-09-21.pdf
38,13,2022-09-21_bps2050.pdf
39,13,KIID_VIG04B_2022-05-27.pdf
40,13,Noble_Fund_Emerytalny_20210217.pdf
41,13,KIID_BNP_Paribas_AI_2022-09-21.pdf
42,13,Noble_Fund_Akcji_Amerykanskich_20210217.pdf
43,13,aad7f769-5a16-4a24-bf79-bdebf67f5f95.pdf
44,13,2014_04_22_Noble_Fund_Obligacji_KIID.pdf
45,13,2016_02_19_Noble_Fund_Mieszany_KIID.pdf
46,13,Noble_Fund_Stabilny_20221013.pdf
47,13,Noble_Fund_Emerytalny_20220101.pdf
48,13,20190716_Noble_Noble_Fund_Akcji.pdf
49,13,20190716_Noble_Fund_Oszczednosciowy_KIID.pdf
50,13,2014_04_30_Noble_Fund_Pieniezny_KIID.pdf
51,13,KIID_PFR_PPK_2040_2022-09-23.pdf
52,13,20190716_Noble_Fund_Mieszany_KIID.pdf
53,13,d384b3bc-4e3e-4724-9d55-e68a1236bcb5.pdf
54,13,c44009f2-8949-4d0f-8517-2c6f4a023fc3.pdf
55,13,2015_02_19_Noble_Fund_Obligacji_KIID.pdf
56,13,Noble_Fund_Strategii_Dluznych_20210217.pdf
57,13,f1c6e7aac874053fa865aa06d5e6989607f3d3d9.pdf
58,13,76e7d67c-e9ba-40bd-95e1-f011add148fb.pdf
59,13,Noble_Fund_Akcji_MiSS_20221013.pdf
60,13,Noble_Fund_Akcji_MiSS_20180219.pdf
61,13,ec2b7e1a-a63c-4484-95bc-6fc27fe26ca0.pdf
62,13,Noble_Fund_Obligacji_20221013.pdf
63,13,01012019_Noble_Fund_Global_Return_KIID.pdf
64,13,KIID_AAG.pdf
65,13,01012019_Noble_Fund_Mieszany_KIID.pdf
66,13,Noble_Fund_Stabilny_20220101.pdf
67,13,f5e18c1c-fde7-4f9e-9b0a-1ec62ad01553.pdf
68,13,20200619_Noble_Fund_Akcji_MiSS_KIID.pdf
69,13,Noble_Fund_Akcji_Polskich_20220101.pdf
70,13,Noble_Fund_Mieszany_20170220.pdf
71,13,Noble_Fund_Africa_and_Frontier_KIID.pdf
72,13,2022-09-21_bps2035.pdf
73,13,6d0d4dc5-ff68-4788-9f9c-b635498ae844.pdf
74,13,20200219_Open_Finance_Akcji.pdf
75,13,Noble_Fund_Obligacji_KIID_20200715.pdf
76,13,quercus_obligacji_skarbowych_kiid.pdf
77,13,d0c815db-f807-44b6-86a4-62fdc0f17f01.pdf
78,13,KIID_AK.pdf
79,13,KIID_AGSD.pdf
80,13,KIID_VIG02_2022-05-27.pdf
81,13,KIID_AZM.pdf
82,13,8a3a192c-3d7f-4153-8453-792c810f1ff7.pdf
83,13,d17e090a-584c-42b9-a3b6-4a32c8771471.pdf
84,13,2014_02_20_Noble_Fund_Mieszany_KIID.pdf
85,13,0319de5c-5cf5-4dc7-97ff-e4e0f237a6d1.pdf
86,13,KIID_PFR_PPK_2055_2022-10-14.pdf
87,13,6ca7c1d7fb63082450f2d47e8c0eb2d7c92dff1a.pdf
88,13,Noble_Fund_Strategii_D³u¿nych_20220624.pdf
89,13,KIID_ALIOR_Zrownowazony_kat.A.26.09.2022.pdf
90,13,c4713a67-3ee1-4213-9652-7035ef93c352.pdf
91,13,quercus_stabilny_kiid.pdf
92,13,2a8b6117ca74777ec608ed18929fc8006ca385ed.pdf
93,13,KIID_ALIOR_Globalny_Nowych_Technologii_kat.A.26.09.2022.pdf
94,13,Noble_Fund_Mieszany_20161202.pdf
95,13,Open_Finance_Stabilnego_Wzrostu_20190719.pdf
96,13,810b6758-9870-4a6e-88c2-7175cbf2a105.pdf
97,13,Noble_Fund_Pieniezny_KIID.pdf
98,13,KIID_ALIOR_Stabilny_na_Przyszlosc_kat.A.26.09.2022.pdf
99,13,ea960b4d5f76f3829a497c67372d64418938421c.pdf
100,13,KIID_BNP_Parasol_Ob_ZR_2022-09-21.pdf
101,13,KIID_VIG06B_2022-05-27.pdf
102,13,20200101_Noble_Fund_Stabilnego_Wzrostu_Plus_KIID.pdf
103,13,Open_Finance_Konserwatywny_20190801.pdf
104,13,Open_Finance_Akcji_20200101.pdf
105,13,2014_02_20_Noble_Fund_Global_Return_KIID.pdf
106,13,ad73fb82-1eda-430f-8565-3cf255a2760a.pdf
107,13,af36fc7b-5631-42e1-aa33-82d3603fbe09.pdf
108,13,KIID_ALIOR_Obligacji_kat.B.26.09.2022.pdf
109,13,01012019_Noble_Fund_Timingowy_KIID.pdf
110,13,KIID_APEMB_ESG.pdf
111,13,Noble_Fund_Akcji_Polskich_20211201.pdf
112,13,Noble_Fund_Global_Return_KIID.pdf
113,13,9eb60d08-7792-43cf-8012-bd6a5e1402bb.pdf
114,13,644ef99cb9b1798dd61a8f570f5661542f2481ab.pdf
115,13,a924004c-15a0-4d3b-8b56-e3f0e1a423e0.pdf
116,13,20200407_Noble_Fund_Akcji_MiSS_KIID.pdf
117,13,2014_02_20_Noble_Fund_Akcji_KIID.pdf
118,13,2022-09-21_bsp2055.pdf
119,13,91a1a8c4-c9ad-4d0a-b956-b447624e35a3.pdf
120,13,KIID_BNPP_PDK_2022-09-21.pdf
121,13,7a05af2a-3b0b-4a54-9424-813c227075a2.pdf
122,13,b8c065a54c0eaf21d399a31dada9dca659f1e20c.pdf
123,13,KIID_PFR_PPK_2025_2022-09-23.pdf
124,13,af9edd3c-1a97-4cdb-a01b-20f26c6deb25.pdf
125,13,Noble_Fund_Pieniezny_20180219.pdf
126,13,KIID_BNP_Paribas_SI_2022-09-21.pdf
127,13,2022-09-21_bps2040.pdf
128,13,2bdc75e73a62ddbddc99d1d1925309a8d6dd4f30.pdf
129,13,Noble_Fund_Pieniezny_20161202.pdf
130,13,50f3c1fa-b3be-4af7-9baa-79527f15549c.pdf
131,13,a1f1da04-5fa6-4776-942d-d3da43d8c7dc.pdf
132,13,KIID_AT.pdf
133,13,20190716_Noble_Noble_Fund_Stabilnego_Wzrostu_Plus_KIID.pdf
134,13,KIID_ACH.pdf
135,13,20200101_Noble_Fund_Africa_and_Frontier_KIID.pdf
136,13,Noble_Fund_Akcji_20180219.pdf
137,13,edb950f18d3597817a56946e8c765b143b034711.pdf
138,13,9bddd463-1f92-4cc2-97ed-c5467de099e5.pdf
139,13,Noble_Fund_Akcji_Europejskich_20220624.pdf
140,13,d47f5074-df71-4160-a50a-5716b32f75d1.pdf
141,13,6aa867224a84ba4485d0b33d942c59bd12496375.pdf
142,13,Noble_Fund_Obligacji_20170220.pdf
143,13,Noble_Fund_Stabilny_20210101.pdf
144,13,KIID_VIG03_2022-05-27.pdf
145,13,Noble_Fund_Africa_and_Frontier_20170220.pdf
146,13,Noble_Fund_Akcji_MiŒS_20210101.pdf
147,13,e43ad89a0ed003c32704907ad549d4d0810017fb.pdf
148,13,Allianz_TFI_KIID_2035.pdf
149,13,Open_Finance_Akcji_20190719.pdf
150,13,2014_05_30_Noble_Fund_Mieszany_KIID.pdf
151,13,Noble_Fund_Akcji_20170220.pdf
152,13,20200407_Noble_Fund_Obligacji_KIID.pdf
153,13,20200619_Noble_Fund_Akcji_Polskich_KIID.pdf
154,13,KIID_PFR_PPK_2035_2022-09-23.pdf
155,13,faef689bcc3a5ccb9e39f0059cda8bb7b4f8d9e2.pdf
156,13,3d754bfd-4a64-49b9-a285-7a672f03bb84.pdf
157,13,d9263b6ba2bb2054f289c3b9d23724e4c6e6557d.pdf
158,13,Noble_Fund_AkcjiMiSS_20220201.pdf
159,13,Allianz_TFI_KIID_2045.pdf
160,13,20200407_Noble_Fund_Akcji_Amerykañskich_KIID.pdf
161,13,cd700cfc-6ff0-41c0-b8be-60d7d51110f6.pdf
162,13,774de813-ee13-4a58-87a5-a5d3d2145412.pdf
163,13,1e5a01cc-9a64-4511-9169-4d7739471ee8.pdf
164,13,Noble_Fund_Strategii_Mieszanych_20220624.pdf
165,13,KIID_ADM.pdf
166,13,KIID_VIG01B_2022-06-29.pdf
167,13,8f9b0fdf-93e4-49ca-a4f5-14e5edb090d7.pdf
168,13,01012019_Noble_Fund_Oszczednosciowy_KIID.pdf
169,13,20190219_Noble_Noble_Fund_Akcji_MiSS_KIID.pdf
170,13,2013_04_29_Noble_Fund_Stabilnego_Wzrostu_Plus_KIID.pdf
171,13,2022-09-21_bps2030.pdf
172,13,Noble_Fund_Global_Return_20161202.pdf
173,13,Noble_Fund_Mieszany_KIID.pdf
174,13,Noble_Fund_Global_Return_20180219.pdf
175,13,fe0deca414d07d298d1fbaf201aa59877daab46e.pdf
176,13,20200715_Noble_Fund_Akcji_Polskich_KIID.pdf
177,13,74e46569-260b-4db3-87d2-eacbf18ad1d3.pdf
178,13,KIID_ALIOR_Ostrozny_kat.A.26.09.2022.pdf
179,13,Noble_Fund_Strategii_Dluznych_20210101.pdf
180,13,KIID_BNP_Parasol_LK_2022-09-21.pdf
181,13,20200219_Noble_Fund_Timingowy_KIID.pdf
182,13,05208cdb4222f7ba7dfc379ceeb11da0d00089fb.pdf
183,13,2015_02_19_Noble_Fund_Global_Return_KIID.pdf
184,13,KIID_PFR_PPK_2050_2022-09-23.pdf
185,13,afd9f4521fb91c7773cde2058ac6c7d58c7c6b86.pdf
186,13,20200101_Noble_Fund_Akcji_KIID.pdf
187,13,2014_02_20_Noble_Fund_Africa_and_Frontier_KIID.pdf
188,13,Noble_Fund_Stabilnego_Wzrostu_Plus_KIID.pdf
189,13,0ee40a0a-8529-4719-aca3-4466ca9fa5af.pdf
190,13,01012019_Noble_Fund_Obligacji_KIID.pdf
191,13,Allianz_TFI_KIID_2030.pdf
192,13,Open_Finance_Stabilnego_Wzrostu_20190219.pdf
193,13,20200715_Noble_Fund_Africa_and_Frontier_KIID.pdf
194,13,8895ae05-9f4d-4b15-953e-ed177e7300f7.pdf
195,13,01012019_Noble_Fund_Stabilnego_Wzrostu_Plus_KIID.pdf
196,13,20190219_Noble_Noble_Fund_Timingowy_KIID.pdf
197,13,KIID_BNP_Parasol_EOZ_2022-09-21.pdf
198,13,f548aaed-c24c-4802-b764-6081d5e5b202.pdf
199,13,2013_04_29_Noble_Fund_Skarbowy_KIID.pdf
200,13,20200619_Noble_Fund_Obligacji_KIID.pdf
201,13,2013_07_31_Noble_Fund_Stabilnego_Wzrostu_Plus_KIID.pdf
202,13,20190219_Noble_Noble_Fund_Stabilnego_Wzrostu_Plus_KIID.pdf
203,13,2015_02_19_Noble_Fund_Akcji_MiSS_KIID.pdf
204,13,1ff010dd-0cb0-47f5-bbda-3184dc0835f1.pdf
205,13,b02cffdb683c7c35d4e3f14a68b1fbc581724789.pdf
206,13,KIID_BNPP_Ak_2022-09-21.pdf
207,13,63c02945-21ee-468f-866c-9d65477af4e4.pdf
208,13,Noble_Fund_Akcji_Amerykanskich_20220101.pdf
209,13,Noble_Fund_Timingowy_20181015.pdf
210,13,20200619_Noble_Fund_Strategii_Dluznych_KIID.pdf
211,13,7a4c890a-e461-40ed-86b8-1a13f6b840a1.pdf
212,13,2eca9760-59b3-4212-9c8c-e67d603d3a08.pdf
213,13,7b2906e8-7abe-43ca-a7fd-070c325b90b2.pdf
214,13,Noble_Fund_Akcji_Europejskich_20221013.pdf
215,13,932156cff7397edb6c7e9c0cbff64bb37525a396.pdf
216,13,9fc9d92e-2c0e-4b9c-955b-5b31256cbe33.pdf
217,13,Noble_Fund_Akcji_Europejskich_20210101.pdf
218,13,20200219_Noble_Fund_Konserwatywny_KIID.pdf
219,13,22779e1c-61e3-4f05-bcd2-affd915434a1.pdf
220,13,2013_04_29_Noble_Fund_Mieszany_KIID.pdf
221,13,Noble_Fund_Obligacji_20211201.pdf
222,13,2014_02_20_Noble_Fund_Akcji_MiSS_KIID.pdf
223,13,c72ad1755a3c7ba91e3df03226e6c1bba706b0dd.pdf
224,13,38fb31603e8288f5651040bb41fb6ea7dc02c595.pdf
225,13,7817fab9-91c7-4534-863e-c3ed148aed9c.pdf
226,13,20190801_Open_Finance_Konserwatywny.pdf
227,13,20190219_Noble_Noble_Fund_Oszczednosciowy_KIID.pdf
228,13,20190716_Noble_Noble_Fund_Global_Return_KIID.pdf
229,13,20200619_Noble_Fund_Stabilny_KIID.pdf
230,13,KIID_ALIOR_Obligacji_kat.A.26.09.2022.pdf
231,13,2013_07_31_Noble_Fund_Mieszany_KIID.pdf
232,13,20200219_Noble_Fund_Akcji_KIID.pdf
233,13,8b3399b5-8c71-4503-b674-c60ea90f739e.pdf
234,13,KIID_ALIOR_Akcji_kat.B.26.09.2022.pdf
235,13,553f7897-a737-48cf-9030-d8c2002fde37.pdf
236,13,Noble_Fund_Akcji_Amerykañskich_20210101.pdf
237,13,KIID_VIG06_2022-05-27.pdf
238,13,01012019_Noble_Fund_Africa_and_Frontier_KIID.pdf
239,13,Noble_Fund_Akcji_Amerykanskich_20221013.pdf
240,13,4a139569-36ba-4d97-bce2-e7d40c9f87ad.pdf
241,13,ec8cd51d7963ef46057cb95c68960c3dd7111803.pdf
242,13,20200219_Open_Finance_Stabilnego_Wzrostu.pdf
243,13,2015_02_19_Noble_Fund_Timingowy_KIID.pdf
244,13,KIID_VIG07_2022-07-01.pdf
245,13,fa636645-a819-4a7f-8f33-18744d929d7d.pdf
246,13,2013_07_31_Noble_Fund_Skarbowy_KIID.pdf
247,13,KIID_APESG_I.pdf
248,13,20200219_Noble_Fund_Obligacji_KIID.pdf
249,13,be4dbbf2-4e25-4053-87ba-52f13e939a48.pdf
250,13,KIID_AEGS.pdf
251,13,3d86c1269bc9ece4932ae25d442434ffdbbc301a.pdf
252,13,Open_Finance_Akcji_MIS_20190719.pdf
253,13,Noble_Fund_Mieszany_20180219.pdf
254,13,2014_02_20_Noble_Fund_Skarbowy_KIID.pdf
255,13,KIID_BNP_Paribas_KO_2022-09-21.pdf
256,13,05ebb9258603fb120a15c42f7d6598efc6aa4bc7.pdf
257,13,KIID_BNP_Paribas_GDW_2022-09-21.pdf
258,13,2014_02_20_Noble_Fund_Timingowy_KIID.pdf
259,13,2016_02_19_Noble_Fund_Pieniezny_KIID.pdf
260,13,9e678067-7de2-46d2-9b9a-50d29cadd6a0.pdf
261,13,2a6e949d-489e-4a74-a27e-6ad6616d4ba2.pdf
262,13,KIID_ARZ.pdf
263,13,Noble_Fund_Stabilnego_Wzrostu_Plus_20170220.pdf
264,13,KIID_AAL.pdf
265,13,Noble_Fund_Akcji_MiSS_20211201.pdf
266,13,Noble_Fund_Stabilnego_Wzrostu_Plus_20161202.pdf
267,13,20190719_Open_Finance_Obligacji.pdf
268,13,20190524_Noble_Fund_Obligacji_KIID.pdf
269,13,2013_07_30_Noble_Fund_Africa_and_Frontier_KIID.pdf
270,13,609e978e-a69f-44a4-a188-8c8de19bc46e.pdf
271,13,KIID_AP_I.pdf
272,13,1737aaf0-a149-4bf5-ac99-a685396485c3.pdf
273,13,KIID_ALIOR_Spokojny_dla_Ciebie_kat.A.26.09.2022.pdf
274,13,Noble_Fund_Akcji_20161202.pdf
275,13,Noble_Fund_Akcji_MiSS_20210217.pdf
276,13,66988715-b2c9-4051-a7ed-ed056e69f481.pdf
277,13,KIID_AS.pdf
278,13,b5964d14-7247-427e-b848-9b7a0c7e81ca.pdf
279,13,3399e4db-afae-49f0-adc2-5f814d53b7ab.pdf
280,13,KIID_AOI.pdf
281,13,12b58ea7393d9811b36fe29d1f767a5e78446dc6.pdf
282,13,2022-09-21_bps2025.pdf
283,13,26dea11b-92b2-45b8-9afa-3cb2429b93a8.pdf
284,13,bc40c2b8-d3b5-4877-bf34-c4cb3123ffcf.pdf
285,13,b75fa838-6425-4e79-a3fa-41ab13ce151d.pdf
286,13,Noble_Fund_Akcji_MiSS_20170320.pdf
287,13,7d514a60b9864ee84e65565608d28040e44a98b0.pdf
288,13,20190716_Noble_Fund_Obligacji_KIID.pdf
289,13,2015_02_19_Noble_Fund_Africa_KIID.pdf
290,13,Open_Finance_Oszczednosciowy_20190219.pdf
291,13,Noble_Fund_Global_Return_20170220.pdf
292,13,Noble_Fund_Akcji_MiSS_20170220.pdf
293,13,5b819398-58ab-4226-8266-a4721879cd91.pdf
294,13,347836fe-059d-4131-af44-15fc6f2e4b67.pdf
295,13,KIID_AI.pdf
296,13,827252ef-5bb3-40a1-aaa6-8685322c329d.pdf
297,13,20200407_Noble_Fund_Akcji_Polskich_KIID.pdf
298,13,20200101_Noble_Fund_Timingowy_KIID.pdf
299,13,20200219_Noble_Fund_Mieszany_KIID.pdf
300,13,Noble_Fund_Akcji_Europejskich_20211201.pdf
301,13,02b4429bf5c7b6bf2e8a7cf18fd57f98da0dd827.pdf
302,13,Noble_Fund_Strategii_Dluznych_20221013.pdf
303,13,c4b4e52639b59a6f87e9400960a0ca6454f77c50.pdf
304,13,6988c5190dfeaf958353eb359369a15a655b4a4b.pdf
305,13,KIID_PFR_PPK_2065_2022-09-23.pdf
306,13,Noble_Fund_Emerytalny_20211201.pdf
307,13,2d798566-dd9c-4151-9f3b-3ff32ebc1da9.pdf
308,13,ff134fcf-eb19-4f7f-9bf9-23277c965fd1.pdf
309,13,46cc04dd-ce16-4225-a715-d3b9a318c6d6.pdf
310,13,20200219_Open_Finance_Aktywnej_Alokacji.pdf
311,13,4c08ca356de62284d4a7a44350c3b4618dd71e5d.pdf
312,13,2013_04_29_Noble_Fund_Akcji_KIID.pdf
313,13,Open_Finance_Aktywnej_Alokacji_20190219.pdf
314,13,Noble_Fund_Akcji_Polskich_20210101.pdf
315,13,Noble_Fund_Obligacji_20210217.pdf
316,13,Open_Finance_Akcji_MIS_20190219.pdf
317,13,Noble_Fund_Strategii_Mieszanych_20210217.pdf
318,13,f5c142f3-881c-4e1f-a988-762eb77c2b6e.pdf
319,13,a65a1dea8e659ab7f09dd79eac78be180253cbbe.pdf
320,13,20200219_Noble_Fund_Global_Return_KIID.pdf
321,13,KIID_BNP_TFOK_2022-09-20.pdf
322,13,6abe6341-b373-4fe6-8b2c-dee8e41ce58c.pdf
323,13,2013_04_29_Noble_Fund_Akcji_MiSS_KIID.pdf
324,13,Allianz_TFI_KIID_2060.pdf
325,13,KIID_ALIOR_Oszczednosciowy_kat.B.26.09.2022.pdf
326,13,Noble_Fund_Strategii_Mieszanych_20221013.pdf
327,13,bdab03d5ea251875353cdd5a7f50055904296c7e.pdf
328,13,cc025979-e396-41ad-9dc2-9fefb16f589b.pdf
329,13,KIID_VIG08B_2022-10-03.pdf
330,13,63d85099-457c-4c56-b4e6-11857a929c76.pdf
331,13,20200219_Open_Finance_Akcji_MIS.pdf
332,13,Noble_Fund_Timingowy_KIID.pdf
333,13,Allianz_TFI_KIID_2040.pdf
334,13,a312e24dfeaeb88feac71e8f52c32e9a5ab409d6.pdf
335,13,a50c827f-e76d-4344-b1a7-46a1828be98c.pdf
336,13,KIID_ALIOR_Oszczednosciowy_kat.A.26.09.2022.pdf
337,13,KIID_VIG08_2022-10-03.pdf
338,13,KIID_PFR_PPK_2045_2022-09-23.pdf
339,13,99b03394-1590-4bc7-b429-d42bac4013c7.pdf
340,13,Open_Finance_Stabilnego_Wzrostu_20200101.pdf
341,13,721c4054-e850-479a-8720-879acaddb880.pdf
342,13,20190716_Noble_Fund_Timingowy_KIID.pdf
343,13,d3453c9a-9b0d-4cfc-80c5-1e8269fdc125.pdf
344,13,a48b0593-f8d8-4aed-9cfc-2fc748576b94.pdf
345,13,KIID_PFR_PPK_2030_2022-09-23.pdf
346,13,KIID_BNP_Parasol_Aqua_2022-09-21.pdf
347,13,20190716_Noble_Fund_Africa_and_Frontier_KIID.pdf
348,13,Noble_Fund_Africa_and_Frontier_20180219.pdf
349,13,Noble_Fund_Strategii_Mieszanych_20210101.pdf
350,13,6ee37c98-99b2-4991-96b2-0e6672722ddf.pdf
351,13,2013_04_30_Noble_Fund_Africa_KIID.pdf
352,13,Open_Finance_Akcji_MIS_20200101.pdf
353,13,KIID_VIG07B_2022-07-01.pdf
354,13,2014_03_19_Noble_Fund_Global_Return_KIID.pdf
355,13,Noble_Fund_Strategii Dluznych_20220201.pdf
356,13,57785426d1364f53748304171f17395278e68eb8.pdf
357,13,KIID_BNP_Parasol_MiSS_2022-09-21.pdf
358,13,20200217_Noble_Fund_Strategii_Dluznych_KIID.pdf
359,13,Noble_Fund_Stabilny_20210217.pdf
360,13,cfbe9f6f-2dc0-4120-857a-d6cd244aff2d.pdf
361,13,2022-09-21_bps2045.pdf
362,13,40dca97b-7b67-4b16-895c-51b8ead19ac4.pdf
363,13,be9c3922-d3ad-43b4-9717-4d0cd8e351b8.pdf
364,13,20200101_Noble_Fund_Akcji_MiSS_KIID.pdf
365,13,fc8a4942-a285-4372-8671-9283d5d7dc6f.pdf
366,13,4d53840381030d33bf244c7517e09c0e147a8ea9.pdf
367,13,20200619_Noble_Fund_Africa_and_Frontier_KIID.pdf
368,13,7d49ee1aad6a67d3999bf816c384cb21651cb672.pdf
369,13,2013_04_29_Noble_Fund_Africa_KIID.pdf
370,13,KIID_AP_GHYB.pdf
371,13,KIID_BNP_Parasol_AZL_2022-09-21.pdf
372,13,KIID_BNP_Parasol_KFD_2022-09-21.pdf
373,13,Noble_Fund_Strategii_Mieszanych_20220101.pdf
374,13,d253d653-ed38-4d2c-a3bc-945045da0e91.pdf
375,13,KIID_AMiS.pdf
376,13,KIID_PFR_PPK_2060_2022-10-04.pdf
377,13,Noble_Fund_Emerytalny_20220624.pdf
378,13,776dbbbc-256b-4ce9-8a10-33db2408888b.pdf
379,13,2015_02_19_Noble_Fund_Mieszany_KIID.pdf
380,13,Noble_Fund_Stabilny_20211201.pdf
381,13,2014_05_30_Noble_Fund_Stabilnego_Wzrostu_Plus_KIID.pdf
382,13,07d397d8-cbc6-4a85-a1d6-52419349b37e.pdf
383,13,Noble_Fund_Pieniezny_20180104.pdf
384,13,2022-09-21_bps2060.pdf
385,13,43f99855-f438-4099-adbe-ff75ca7351a1.pdf
386,13,Allianz_TFI_KIID_2065.pdf
387,13,Noble_Fund_Akcji_Europejskich_20220201.pdf
388,13,8cefe6fc-813c-4624-b742-6d2919e0e471.pdf
389,13,KIID_ADEFM.pdf
390,13,KIID_ALIOR_Stabilny_na_Przyszlosc_kat.B.26.09.2022.pdf
391,13,19022019_Noble_Fund_Obligacji_KIID.pdf
392,13,2016_01_04_Noble_Fund_Akcji_MiSS_KIID.pdf
393,13,Noble_Fund_Akcji_Polskich_20220624.pdf
394,13,2014_05_30_Noble_Fund_Obligacji_KIID.pdf
395,13,2015_03_30_Noble_Fund_Akcji_KIID.pdf
396,13,KIID_BNP_Parasol_AAT_2022-09-21.pdf
397,13,Noble_Fund_Africa_and_Frontier_20161202.pdf
398,13,KIID_BNP_Paribas_OW_2022-02-21.pdf
399,13,KIID_APGB_ESG.pdf
400,13,Noble_Fund_Akcji_Amerykanskich_20220201.pdf
401,13,KIID_VIG03B_2022-05-27.pdf
402,13,KIID_BNP_Paribas_Ob_2022-09-21.pdf
403,13,quercus_ochrony_kapitalu_kiid.pdf
404,13,Noble_Fund_Konserwatywny_KIID_20200619.pdf
405,13,Open_Finance_Obligacji_20190219.pdf
406,13,KIID_VIG05B_2022-05-27.pdf
407,13,Allianz_TFI_KIID_2025.pdf
408,13,KIID_BNPP_SW_2022-09-21.pdf
409,13,Open_Finance_Aktywnej_Alokacji_20200101.pdf
410,13,20190219_Noble_Fund_Africa_and_Frontier_KIID.pdf
411,13,553892f8-3225-4590-a91a-60af309883f3.pdf
412,13,KIID_ALIOR_Spokojny_dla_Ciebie_kat.B.26.09.2022.pdf
413,13,Open_Finance_Oszczednosciowy_20190719.pdf
414,13,2013_04_29_Noble_Fund_Global_Return_KIID.pdf
415,13,KIID_ASW.pdf
416,13,7913ea4c-0456-42f2-885f-2609b1ea3aa4.pdf
417,13,20e4ab45-e55f-44a8-9de8-1ff62e1b1344.pdf
418,13,KIID_BNP_P_ASD_2022-04-26.pdf
419,13,20190801_Noble_Fund_Konserwatywny_KIID.pdf
420,13,bbb92361153ad9ac749a5c09b04681ea439f6a50.pdf
421,13,d64c00be-d95e-4794-b3d3-89d934dce421.pdf
422,13,20200407_Noble_Fund_Stabilny_KIID.pdf
423,13,KIID_BNP_Parasol_AW-USA_2022-09-21.pdf
424,13,quercus_dluzny_krotkoterminowy_kiid.pdf
425,13,d1ec9dba-6a7a-48eb-b360-f779d2b8f903.pdf
426,13,Noble_Fund_Timingowy_20170220.pdf
427,13,Noble_Fund_Akcji_Polskich_20220201.pdf
428,13,KIID_ALIOR_Globalny_Nowych_Technologii_kat.B.26.09.2022.pdf
429,13,188a1a9f-f762-4e13-9c05-9e69f6ccef8f.pdf
430,13,9e1db890-42ad-413d-9387-af7dd03e5237.pdf
431,13,KIID_AIE.pdf
432,13,Noble_Fund_Akcji_Polskich_20221013.pdf
433,13,20190708_Noble_Fund_Mieszany_KIID.pdf
434,13,Noble_Fund_Akcji_Europejskich_20210217.pdf
435,13,f117da8833b46a64a826c07cfa6fbcc6a6e920b9.pdf
436,13,233d915f42cdb9c3f771cc6372df312e927a541f.pdf
437,13,20200219_Noble_Fund_Stabilnego_Wzrostu_Plus_KIID.pdf
438,13,d4f43ae7520c6d9377687d58565e2ac53186d189.pdf
439,13,3e29148f-17eb-4c45-a445-ee0a984a7eb6.pdf
440,13,85c7e3bb-c358-4116-b2ca-819af774dd22.pdf
441,13,KIID_BNP_Paribas_GSW_2022-09-21.pdf
442,13,KIID_AP_ELB.pdf
443,13,20200619_Noble_Fund_Akcji_Europejskich_KIID.pdf
444,13,KIID_APOS.pdf
445,13,Noble_Fund_Akcji_MiSS_KIID.pdf
446,13,6fc25c71-3b7a-43b4-a356-8440b3475410.pdf
447,13,147d3bfa-fd60-4a0a-8150-e0e0ea96f3b8.pdf
448,13,KIID_ALIOR_Akcji_kat.A.26.09.2022.pdf
449,13,2a84cbfb-3c6b-4fc7-a9f3-6400c3cbedb5.pdf
450,13,KIID_VIG04_2022-05-27.pdf
451,13,Noble_Fund_Stabilny_20220201.pdf
452,13,Noble_Fund_Emerytalny_20221013.pdf
453,13,Noble_Fund_Akcji_MiSS_20161202.pdf
454,13,20200723_Noble_Fund_Akcji_MiSS_KIID.pdf
455,13,20190219_Noble_Noble_Fund_Global_Return_KIID.pdf
456,13,KIID_AOP.pdf
457,13,20200719_Noble_Fund_Obligacji_KIID.pdf
458,13,6c0db7c8-b6f5-4aea-b9e0-082690cc7b1f.pdf
459,13,316fa4af67948b64bf9429565ee681d286ee70b5.pdf
460,13,4ecf6ad5-0322-4bb1-97ca-3dac8ac26591.pdf
461,13,Noble_Fund_Akcji_Amerykanskich_20211201.pdf
462,13,20200219_Noble_Fund_Africa_and_Frontier_KIID.pdf
463,13,2015_02_19_Noble_Fund_Akcji_KIID.pdf
464,13,20200407_Noble_Fund_Akcji_Europejskich_KIID.pdf
465,13,Noble_Fund_Obligacji_KIID.pdf
466,13,63afcd17-6e41-417f-92f3-e98d0585f940.pdf
467,13,Open_Finance_Aktywnej_Alokacji_20190719.pdf
468,13,155eda29-6879-40ea-8ae0-2a571255f628.pdf
469,13,20200219_Noble_Fund_Akcji_MiSS_KIID.pdf
470,13,69c4cde0-9c3d-4c26-9c93-7e669e855026.pdf
471,13,4e2c5c6f-1ad5-4b5b-8e67-0a16ebce4161.pdf
472,13,98e868d6-253c-498a-8073-83e7295c6909.pdf
473,13,Noble_Fund_Akcji_MiSS_20220101.pdf
474,13,96b58f6b-b79f-493d-a85d-002266272339.pdf
475,13,20200619_Noble_Fund_Emerytalny_KIID.pdf
476,13,f77428dc-1f50-4cc5-bbb3-434f48b891a6.pdf
477,13,40a86c64-0709-4dd3-9bb1-e0fd31448740.pdf
478,13,60b09377-60f2-4f8c-a71b-d7651b95495b.pdf
479,13,Noble_Fund_Akcji_KIID.pdf
480,13,Noble_Fund_Obligacji_20220201.pdf
481,13,Noble_Fund_Timingowy_20180219.pdf
482,13,Noble_Fund_Africa_and_Frontier_20170320.pdf
483,13,71db088d9e3bd58c94975ac6a8e0fb73c1546bfd.pdf
484,13,20200101_Noble_Fund_Global_Return_KIID.pdf
485,13,2d6c805d-adc9-41c9-8e47-e65a394a3828.pdf
486,13,Noble_Fund_Akcji_Amerykañskich_20220624.pdf
487,13,5ca0a5c0-f7fa-42d2-be4d-630c9469e541.pdf
488,13,2015_02_19_Noble_Fund_Pieniezny_KIID.pdf
489,13,2022-09-21_bps2065.pdf
490,13,Noble_Fund_Akcji_MiŒS_20220624.pdf
491,13,KIID_ALIOR_Ostrozny_kat.B.26.09.2022.pdf
492,13,Noble_Fund_Strategii Mieszanych_20220201.pdf
493,13,01012019_Noble_Fund_Akcji_KIID.pdf
494,13,KIID_AOG.pdf
495,13,Open_Finance_Akcji_20190219.pdf
496,13,20200619_Open_Finance_Akcji_MISS_KIID.pdf
497,13,KIID_VIG02B_2022-05-27.pdf
